CUST_ID,GENDER,BALANCE,PURCHASES,CREDIT_LIMIT,PAYMENTS,PRC_FULL_PAYMENT
1,F,481.990295,359.133487,1000,88.729756,0.373237
2,M,2744.232071,1448.235077,3000,630.535041,0.512857
3,F,410.580936,994.678539,1500,143.784545,0.0
4,F,936.613282,1059.900205,1500,457.980227,0.0
5,M,715.193778,5197.064024,5000,638.071612,0.0
6,F,1405.134903,286.523153,2500,544.287918,0.212221
7,F,680.997704,875.950849,10000,1072.01266,0.302286
8,F,949.747097,1180.852566,2000,332.185977,0.0
9,M,979.931741,462.827398,7000,59.917627,0.13203
10,M,625.812633,921.031346,3000,0.0,0.0
11,M,1875.413564,212.734647,5000,679.968336,0.156553
12,F,1501.995051,3193.636757,4500,748.096499,0.151543
13,F,1119.063495,486.164431,3000,558.016509,0.196575
14,F,822.696615,5587.348633,11000,877.658664,0.0
15,M,2482.172906,871.985773,2300,799.335303,0.0
16,M,980.192696,2264.814665,1700,438.387652,0.0
17,F,919.630943,855.792053,6000,225.463177,0.130965
18,M,1331.712553,873.344899,8000,384.260028,0.0
19,F,5579.910494,530.793788,1000,786.315555,0.0
20,F,362.737493,999.456405,3000,757.793586,0.168342
21,F,2423.265292,1195.355399,9000,713.034947,0.0
22,M,220.554748,443.264803,7000,376.520153,0.0
23,F,1473.721101,802.281887,15000,489.826341,0.0
24,F,5001.907131,518.48496,4000,769.579523,0.0
25,F,1881.456843,7113.130083,5000,1221.267714,0.0
26,M,1413.130268,828.18976,2000,664.044353,0.0
27,M,731.864566,3607.278672,11000,626.926115,0.0
28,M,1246.31002,752.905636,2300,137.301487,0.0
29,M,965.980325,1133.832626,7000,471.302435,0.0
30,F,597.4204,273.355278,2500,308.843956,0.0
31,F,933.659626,600.423156,4000,720.821554,0.0
32,F,1448.875539,1085.158354,7000,601.954219,0.0
33,M,607.592628,3742.104557,4000,789.41739,0.0
34,M,586.60188,1096.396859,9000,653.481271,0.195078
35,M,356.302791,3119.251428,2500,193.940828,0.0
36,M,1722.707609,1598.236638,5000,348.542749,0.0
37,M,1979.878852,3884.156824,2300,634.592134,0.413905
38,M,1492.927744,851.38293,2500,81.606507,0.0
39,M,2888.96459,7717.150276,2500,1688.686628,0.0
40,F,1311.702084,580.066886,1500,404.476924,0.0
41,M,1724.702488,450.421742,1200,405.371073,0.0
42,F,1593.126446,302.158718,6000,0.0,0.0
43,F,1116.120355,7316.755013,5000,1719.654856,0.174993
44,M,751.642156,1877.136611,6000,378.420715,0.505321
45,F,8890.489192,664.670441,1000,2210.501696,0.0
46,F,806.935806,2763.13291,2000,149.514024,0.0
47,M,665.614091,1667.236871,1700,146.528671,0.0
48,M,1791.142281,5268.572459,7500,535.17196,0.0
49,F,1520.309139,222.950651,8000,530.940967,0.0
50,M,342.300021,707.10269,1800,0.0,0.0
51,M,3328.944045,592.132694,6000,522.840011,0.058608
52,M,1113.457015,151.970374,1500,0.0,0.0
53,F,445.930011,2331.563809,2000,589.393825,0.0
54,F,3533.010795,703.904786,1500,924.52643,0.0
55,F,2128.36214,1747.022317,2000,1080.756336,0.0
56,F,388.352024,7508.528155,6000,982.87502,0.290278
57,M,5999.698856,653.3289,9000,1370.550105,0.0
58,F,2192.762912,614.594263,1700,186.074365,0.133458
59,M,1200.896327,999.042932,4000,354.510064,0.179018
60,M,5070.511226,2183.146836,6000,1216.250384,0.245526
61,F,1398.797203,539.130835,11000,625.091686,0.0
62,M,1181.718758,508.840477,5000,615.525685,0.0
63,F,668.963765,2324.988434,1800,713.976968,0.43578
64,F,2046.047977,1262.406869,5000,418.140975,0.095851
65,F,1861.136628,142.557377,2000,636.728454,0.0
66,F,1228.085984,298.016061,12000,493.714034,0.070218
67,F,595.268332,3467.233447,2500,485.817089,0.0
68,M,1362.30973,1289.146248,6000,327.785429,0.0
69,M,1138.174672,452.154376,1000,145.947037,0.206689
70,M,364.991152,770.185433,2500,637.449121,0.0
71,M,322.263291,908.607316,9000,401.392962,0.0
72,M,2015.531157,1740.904395,5000,761.841509,0.262153
73,F,116.547687,264.426398,2500,65.983468,0.311871
74,M,1458.070805,421.216004,10000,1275.948029,0.392122
75,M,788.179021,1147.866383,8000,745.868812,0.0
76,M,3934.039133,820.692813,2000,692.722048,0.348638
77,M,777.340604,1502.1809,4000,321.779253,0.0
78,F,2194.118813,296.91424,3000,429.509959,0.0
79,F,847.912582,1238.202251,5000,425.176529,0.0
80,F,1342.613462,2398.083744,2000,397.227922,0.089933
81,F,2352.30947,1391.498764,1800,742.282623,0.131888
82,M,799.270835,1017.598345,10000,815.534578,0.025627
83,F,2971.729531,823.616293,10000,480.338244,0.0
84,M,495.551811,423.534071,8000,0.0,0.0
85,M,1579.926425,841.512836,12000,474.578658,0.0
86,M,2780.471372,2789.828121,7000,848.565331,0.0
87,F,2195.211646,806.637477,7000,1114.051062,0.0
88,M,6800.833037,403.09667,7000,1645.448852,0.0
89,M,609.661945,576.501315,3000,481.860851,0.106377
90,M,350.291503,1075.741282,3000,206.48664,0.206938
91,M,495.267689,641.518102,1800,146.541681,0.252959
92,F,2196.012094,1389.602418,5000,286.608114,0.0
93,M,1897.19288,1437.354262,2000,744.412287,0.0
94,M,1328.79925,1998.365474,1800,633.251373,0.0
95,M,441.129576,3233.122039,4500,867.62731,0.0
96,F,2416.753922,2200.132472,2500,690.074174,0.0
97,M,402.528419,387.29429,1800,114.985644,0.0
98,M,3439.407937,398.14609,7500,840.632342,0.0
99,M,15862.206052,838.660244,8000,3318.810712,0.0
100,F,1685.480612,598.210189,1700,37.367827,0.0
101,F,2048.365265,322.307464,1000,608.896677,0.0
102,F,777.766389,603.337888,2000,242.274606,0.0
103,M,237.652141,585.776525,7500,0.0,0.0
104,F,704.54526,490.456718,8000,0.0,0.0
105,F,453.227534,675.727212,1500,154.799794,0.0
106,F,329.539387,2593.090704,7000,854.91622,0.0
107,M,5710.854538,1074.181481,1200,1596.526761,0.0
108,M,1549.327533,8305.125792,2500,1445.628294,0.333691
109,M,1705.679463,1046.762522,15000,1185.635222,0.0
110,F,917.708564,691.553699,1700,267.188715,0.0
111,M,1037.34104,901.193138,1500,559.440452,0.0
112,M,2887.35349,1130.983379,2500,586.383911,0.0
113,M,1177.203033,1328.397439,5000,330.154529,0.0
114,F,1953.981851,5819.910679,10000,1110.873385,0.122544
115,M,1015.966984,419.562114,13000,0.0,0.0
116,F,890.748747,1945.241577,1000,733.036829,0.0
117,F,341.64673,1082.442713,1500,57.231427,0.0
118,F,204.389164,218.33095,7500,0.0,0.0
119,M,957.757188,1796.55982,2000,127.990552,0.0
120,F,1275.185609,2809.779262,9000,673.117062,0.0
121,F,380.879468,415.109042,6000,664.244467,0.0
122,F,1174.940306,890.657112,1200,864.730759,0.035517
123,M,1272.040149,190.02985,8000,8.434577,0.088557
124,M,174.093549,289.187188,1700,34.97452,0.363362
125,M,531.863994,2305.900657,2500,157.604155,0.0
126,M,1748.541873,590.060542,4000,784.323025,0.453854
127,M,1717.032616,330.986412,3000,472.932627,0.0
128,M,429.101108,1103.800306,6000,155.551904,0.0
129,M,1397.727868,561.060539,5000,467.939712,0.192792
130,F,3041.68374,587.725797,15000,761.175513,0.0
131,M,2439.054305,1746.542543,15000,1445.960491,0.194495
132,F,1112.364036,315.588761,4000,518.240023,0.4078
133,F,795.381058,397.490609,1200,379.323319,0.0
134,M,687.863188,1031.399599,7000,0.0,0.0
135,F,1846.482588,2148.378846,12000,783.475158,0.0
136,M,1444.608422,2736.251703,2000,1163.852478,0.218556
137,F,2135.516049,493.461308,3000,848.999267,0.158213
138,M,1364.695263,2087.326355,2500,78.101913,0.0
139,F,2532.310878,443.311169,1000,448.15684,0.0
140,M,1319.665111,4645.193984,6000,599.583132,0.0
141,M,2455.82945,323.631679,2300,948.910493,0.0
142,M,2653.780466,2967.962382,7500,1026.15554,0.0
143,F,587.52925,497.284603,8000,247.363406,0.371897
144,F,238.095144,5496.802339,7500,842.262893,0.0
145,M,4861.700586,1528.723964,2500,493.148809,0.379442
146,M,1526.897011,359.813242,2000,81.778725,0.0
147,M,259.034872,561.148383,7000,245.575014,0.0
148,M,637.505212,1813.589092,7500,675.050471,0.0
149,M,2427.669113,2315.4978,3000,309.202371,0.201413
150,M,942.269052,842.485092,9000,332.917814,0.0
151,F,764.440904,934.668997,1500,528.431077,0.0
152,F,4276.08724,1776.70842,9000,777.537383,0.0
153,M,472.21839,1010.922525,1200,305.237207,0.382065
154,F,590.90897,280.295843,1500,182.742741,0.0
155,M,1465.933951,431.955847,4000,814.297893,0.0
156,F,1722.288896,1109.436989,1000,408.963733,0.130074
157,M,1894.497159,2680.970607,1000,647.216873,0.219801
158,F,2752.085426,3844.443668,1000,1187.948555,0.0
159,F,1449.133048,1810.895003,2500,190.314182,0.0
160,F,1882.668652,1162.771531,7000,545.692139,0.0
161,M,959.78727,1761.520257,1000,287.712887,0.0
162,F,1282.322894,492.711709,5000,342.715573,0.0
163,M,1335.125751,782.185665,7500,677.536527,0.0
164,M,1470.839084,427.64027,1700,484.358239,0.0
165,F,2429.123634,291.818388,1500,311.339884,0.0
166,M,1997.458924,1212.202353,8000,679.18169,0.0
167,F,1261.170204,1060.994522,7500,858.190383,0.0
168,F,585.102247,1667.1773,4000,167.538256,0.0
169,M,1288.074997,1467.771654,7500,575.527793,0.0
170,F,1181.788199,1116.975477,1200,334.183008,0.272486
171,M,1442.111188,1481.714288,2500,465.384474,0.0
172,M,8829.66873,864.010752,7000,1407.857256,0.0
173,M,756.425841,1301.928956,1800,676.57884,0.0
174,F,1772.347321,467.065749,7000,303.982432,0.0
175,M,3170.408936,1252.297738,3000,1029.96733,0.0
176,M,1323.720647,1638.564638,7000,402.053321,0.0
177,M,9937.399118,491.413885,3000,1759.089358,0.113067
178,F,862.439186,940.723151,2300,611.656644,0.0
179,F,1622.429993,512.221804,1800,633.475166,0.0
180,F,590.56212,558.996925,1700,255.297287,0.0
181,F,883.267181,326.217253,7000,510.9218,0.0
182,F,1516.318322,2805.108316,1500,572.891722,0.136735
183,M,2595.861321,2342.834165,1200,767.303231,0.0
184,M,1615.153618,1456.352744,1700,342.323058,0.163257
185,F,3763.871513,5297.426188,1700,1592.356819,0.305916
186,F,1112.68492,757.238962,7500,249.048628,0.0
187,M,898.789019,13747.141267,2500,2226.478062,0.0
188,M,13816.054943,731.592398,15000,2758.222435,0.0
189,F,1728.162328,1129.662299,1500,508.469385,0.451312
190,M,634.264848,627.66079,5000,466.668973,0.0
191,F,648.824727,1255.253727,3000,325.885003,0.0
192,M,518.836122,1904.649793,2500,342.115433,0.452391
193,M,2815.54864,810.357288,9000,910.217867,0.385635
194,F,873.109028,4442.834543,12000,1123.754359,0.0
195,M,1359.165555,1113.467564,9000,370.052852,0.0
196,M,1144.636265,1145.31713,1700,353.198097,0.150781
197,F,2341.022707,396.193241,1800,502.998958,0.0
198,F,565.624435,1308.516285,5000,687.813238,0.557034
199,M,460.349021,795.821967,2000,188.400116,0.0
200,M,1483.067084,519.353227,7000,903.849236,0.0
201,F,2081.540152,446.381083,4500,473.087613,0.025824
202,F,1634.805444,9942.631885,4000,1497.959897,0.0
203,M,584.929685,708.301942,8000,287.525546,0.0
204,M,2229.954271,241.945652,6000,206.26489,0.0
205,M,620.499728,478.952145,1000,0.0,0.0
206,M,757.948332,857.129439,1000,140.888315,0.37264
207,M,518.241748,1468.505255,4500,632.211607,0.0
208,F,3909.022078,1479.289035,3000,925.357143,0.0
209,M,2143.251585,1650.697321,1800,494.207916,0.0
210,M,2089.111298,502.515117,2500,823.487713,0.326775
211,F,3723.764057,1219.744146,7000,1326.941111,0.0
212,F,15235.512392,408.113974,8000,3267.475367,0.061844
213,M,260.264002,514.0504,4000,0.060734,0.193331
214,F,623.570031,393.099171,2300,75.852351,0.0
215,F,696.064567,308.107895,2000,674.015015,0.259071
216,F,563.553539,2339.724672,4000,512.491521,0.0
217,M,459.516604,1668.617187,2000,251.040285,0.0
218,M,925.479741,2162.45371,4500,684.417789,0.0
219,F,405.473961,930.183389,6000,564.420529,0.085142
220,M,1638.502724,1806.464554,1000,396.90843,0.234769
221,M,1269.690551,183.982296,1000,327.42659,0.098765
222,M,1868.564557,1952.329914,1700,851.501427,0.254774
223,F,1914.009636,1053.00983,9000,338.311128,0.0
224,F,2085.379575,1578.765735,5000,717.762822,0.277139
225,M,866.040745,1263.980275,1700,63.149802,0.057938
226,F,8176.578472,369.315156,9000,1427.706819,0.0
227,M,1496.655161,233.169161,3000,209.103209,0.0
228,F,226.730871,473.026423,3000,269.354612,0.0
229,F,491.696585,1492.824964,10000,461.039444,0.219779
230,M,253.039932,1670.840837,1000,101.443557,0.0
231,M,1231.023439,262.132985,1800,325.051371,0.341019
232,M,1086.129022,371.300077,4500,32.068551,0.0
233,F,795.059434,468.290056,1700,336.256309,0.0
234,F,7404.428167,650.94519,6000,1798.757183,0.0
235,F,1986.410632,263.526584,1800,400.876094,0.0
236,F,2329.685422,249.673337,1200,421.183204,0.028542
237,M,524.284178,428.524637,1700,268.904197,0.0
238,F,493.128406,970.322463,2500,0.0,0.305764
239,M,1252.785748,310.276891,1700,426.689026,0.0
240,M,1416.163064,808.982141,1500,1175.779903,0.326981
241,F,227.994063,2327.843391,8000,429.711083,0.0
242,F,1030.421973,278.216124,2000,224.080632,0.0
243,M,1227.414096,745.607124,2300,536.559142,0.0
244,M,998.611437,2258.104583,1000,879.555776,0.0
245,F,582.860938,616.191905,2300,462.849958,0.0
246,F,745.770816,535.765882,2000,0.0,0.537437
247,F,1033.624386,2558.422746,5000,721.412828,0.0
248,M,1315.168432,681.583065,1700,991.252822,0.0
249,M,2088.731921,2426.11265,9000,980.215525,0.0
250,M,3205.971952,1320.900331,10000,621.932513,0.0
251,F,929.909295,659.472196,1200,337.977743,0.0
252,F,803.887572,1382.600572,1200,11.440019,0.0
253,M,1797.029146,1197.994949,1200,812.086564,0.290019
254,M,2100.142387,2250.245362,5000,520.109633,0.104556
255,M,819.930524,548.117136,1500,258.172459,0.0
256,F,2468.470802,931.769494,8000,481.692083,0.0
257,F,2926.688351,849.489761,7000,614.63066,0.0
258,M,3875.840491,1692.113008,7500,1403.492511,0.0
259,M,6005.847254,356.858279,4000,1219.73979,0.0
260,F,555.698275,2242.349196,15000,670.911048,0.265339
261,M,1227.222038,1366.073568,1000,116.021802,0.0
262,F,1224.331093,274.449544,2500,0.0,0.0
263,M,1109.576609,2663.607119,2000,266.798017,0.280684
264,M,675.642015,6705.50274,11000,1146.765702,0.0
265,F,318.299956,2211.99604,4500,725.875636,0.391771
266,M,1317.394895,3243.104375,7500,617.465733,0.0
267,M,606.970328,969.55213,1700,647.986815,0.0
268,M,1309.491447,201.269654,12000,537.90404,0.458182
269,M,593.098691,170.765555,3000,155.358052,0.260084
270,M,450.477211,1129.549138,3000,26.099497,0.198977
271,M,1496.476351,527.009763,12000,790.297348,0.0
272,M,1388.291834,394.209049,2300,888.762279,0.260261
273,M,2041.323751,848.549129,2500,72.559931,0.0
274,F,8666.994805,1562.47559,4500,1739.765619,0.0
275,F,1555.512851,242.86803,1500,651.581439,0.0
276,M,1875.393139,599.448545,2000,82.76821,0.0
277,M,459.525669,3494.283459,1700,673.449612,0.0
278,M,380.613073,341.122093,1200,435.813054,0.0
279,F,5036.902063,1964.091484,9000,1396.026759,0.189225
280,F,527.879585,580.41439,4500,437.909786,0.281116
281,M,473.641324,1467.351544,2300,751.450061,0.09311
282,M,1170.060775,2410.512734,2500,1030.729106,0.0
283,M,1117.474858,1749.619457,2500,479.859168,0.36001
284,M,537.938448,2034.984827,5000,295.432638,0.0
285,F,921.059008,318.481956,10000,149.013428,0.0
286,M,3664.466897,2446.2065,10000,1514.306459,0.31537
287,M,586.754059,416.787374,2500,0.0,0.0
288,M,345.742668,1134.091976,2000,170.181208,0.0
289,M,2830.855548,1132.770372,3000,723.658886,0.0
290,M,1887.610874,1389.376415,4500,459.494499,0.0
291,F,693.348835,1215.925761,3000,429.084182,0.266039
292,M,291.79447,420.13287,5000,831.567279,0.0
293,F,620.074095,266.432074,4000,183.185538,0.0
294,M,1153.742179,1968.670679,2000,370.062667,0.0
295,F,3460.280316,1061.301347,2300,1044.289575,0.0
296,F,476.790038,2526.118356,2300,500.295617,0.108148
297,F,1123.194466,862.418248,1200,691.536806,0.09329
298,F,2225.262564,253.497022,1700,534.613255,0.427771
299,F,142.146667,2142.045972,7000,509.802583,0.529449
300,F,3072.99382,643.335558,2500,228.157933,0.0
301,F,418.130876,1221.461183,1800,0.0,0.298609
302,M,1634.015799,501.341003,4000,0.0,0.0
303,M,1513.249848,3943.68774,7000,962.962293,0.0
304,M,3216.753025,407.928396,1800,318.904582,0.0
305,F,1989.884633,662.693918,8000,891.596846,0.0
306,M,142.656345,989.009396,10000,580.917596,0.564437
307,M,598.064542,335.974715,4500,165.671854,0.0
308,F,1372.493746,1208.901743,6000,391.904988,0.391673
309,M,1016.904108,3830.38052,1000,815.753089,0.0
310,M,1862.825419,577.428171,11000,395.975501,0.0
311,M,2466.190423,1281.297528,2500,409.024914,0.123995
312,M,2095.623838,75.603921,10000,858.372242,0.0
313,M,999.397454,866.934754,4500,451.329003,0.0
314,M,230.050003,677.400002,1000,81.464644,0.0
315,M,804.376044,429.813828,1000,386.326664,0.268957
316,M,1762.927985,2376.31304,6000,761.940591,0.193419
317,M,454.227182,669.399262,4000,327.842092,0.0
318,F,2139.114542,765.301797,1000,290.164858,0.0
319,M,2745.04835,639.397555,7000,1210.936062,0.0
320,F,1358.559571,159.950712,8000,258.829816,0.0
321,F,76.907094,324.151891,3000,494.245586,0.0
322,M,383.646085,2132.358957,3000,330.222158,0.0
323,M,6618.143971,134.430108,1000,1426.671807,0.0
324,M,741.085487,450.481128,7500,502.258998,0.0
325,F,203.216335,626.564642,2000,433.479636,0.0
326,F,3683.883043,4312.442296,9000,1127.936096,0.0
327,F,1226.622863,1793.175571,2300,745.132034,0.0
328,M,3276.222759,543.780964,4500,1258.431291,0.311593
329,F,1555.049734,2904.633,2000,598.791667,0.0
330,M,1831.156883,461.063493,1500,436.318046,0.243788
331,F,1680.267562,2226.508235,7000,561.267489,0.0
332,M,2270.463968,264.280352,3000,406.288093,0.0
333,F,9411.497919,2358.856033,4000,2474.988049,0.0
334,F,2904.178097,622.958385,12000,556.448432,0.0
335,M,292.274846,355.791962,12000,69.774802,0.0
336,F,1811.653718,738.462815,8000,1073.589879,0.322643
337,M,3385.756652,1152.408941,1700,960.554401,0.352183
338,F,3577.54012,575.20495,4500,1321.824378,0.0
339,M,825.554693,1478.167103,9000,370.870238,0.0
340,F,3458.014988,531.288668,2300,773.648392,0.151022
341,M,2793.269799,1569.221875,1200,546.925953,0.0
342,F,12274.333984,1336.754387,7500,2536.865936,0.0
343,F,617.079853,849.942968,3000,0.0,0.229356
344,F,767.654284,603.505962,4500,460.587126,0.0
345,F,920.109658,1029.045257,13000,597.47369,0.0
346,F,779.614888,1473.253307,5000,390.232411,0.0
347,F,544.017451,5742.323725,2500,733.160907,0.0
348,M,100.845742,2091.168709,2300,85.653982,0.0
349,F,819.562346,2161.139601,2500,663.241777,0.272938
350,M,1689.895977,14467.513627,1500,1773.760415,0.0
351,F,777.51298,1428.474869,7500,685.84212,0.341478
352,M,6917.730727,1388.777524,8000,2231.216694,0.446553
353,F,1226.645187,1691.910372,2000,839.972452,0.108519
354,F,3873.547953,362.103695,2000,399.409089,0.0
355,M,1533.454591,602.139127,9000,371.594006,0.0
356,M,2549.790758,569.322843,1000,650.143763,0.0
357,F,1558.24801,1608.170666,4000,525.894641,0.0
358,F,4154.328861,767.580142,3000,560.565162,0.133539
359,M,1274.546127,1016.785117,6000,552.761505,0.0
360,F,1894.11812,2389.188764,1500,659.824983,0.124967
361,F,1685.301301,1952.441002,6000,1121.228507,0.0
362,M,934.996782,776.23173,2300,238.390053,0.0
363,M,1744.955071,491.275177,5000,752.54578,0.0
364,M,9053.870471,2494.259719,1000,1648.522238,0.417477
365,F,950.171745,1801.729044,3000,182.736075,0.0
366,M,1767.848242,211.53043,4000,594.011825,0.0
367,F,3759.348897,677.331935,1800,1085.994287,0.316037
368,F,3382.018342,1042.069497,1500,520.71346,0.0
369,M,1224.814614,1809.754981,1700,473.40658,0.0
370,F,141.875536,2036.710622,2300,0.0,0.0
371,F,1929.531559,1159.234788,1200,462.118899,0.0
372,M,164.428063,1520.39094,11000,613.774661,0.0
373,M,4550.27754,951.198836,2500,868.204193,0.0
374,M,1411.666901,489.57295,7500,381.84012,0.0
375,M,2980.083556,709.713983,12000,549.131868,0.0
376,M,538.129897,913.325257,1200,65.372809,0.0
377,F,299.688402,870.257091,5000,685.402492,0.0
378,M,1532.535674,164.512143,9000,471.329101,0.0
379,M,1175.862152,627.827218,5000,123.917512,0.0
380,F,778.690184,944.433321,2500,218.553244,0.0
381,F,1307.922334,696.987173,2500,0.0,0.0
382,F,14627.993031,718.998006,1000,2483.278583,0.0
383,F,2568.488808,1392.968323,4000,1063.333742,0.132026
384,M,3116.758334,339.997591,15000,992.397424,0.242521
385,M,2590.336845,207.423378,11000,1156.333982,0.0
386,F,4589.452108,656.319156,1000,898.522718,0.0
387,F,1021.406108,1785.944998,6000,494.171825,0.0
388,F,190.702538,4100.227486,2000,726.218564,0.05157
389,M,1022.772627,1815.135528,9000,0.0,0.0
390,F,2516.343511,239.502203,1000,550.416927,0.0
391,F,506.32545,728.413939,10000,341.301632,0.0
392,M,1034.083333,1131.128338,8000,833.380124,0.0
393,F,650.282726,1053.456567,1500,510.885527,0.0
394,F,4683.618747,1458.806767,1000,755.367499,0.070716
395,M,2379.180344,393.332751,8000,958.533494,0.090407
396,M,2178.488482,951.889331,1500,467.026015,0.0
397,F,2120.572083,1310.66582,4000,382.869567,0.0
398,M,1172.010199,1887.680032,10000,661.759253,0.0
399,M,1447.800308,434.785867,4500,340.83602,0.0
400,M,417.103285,658.101266,2500,582.417072,0.0
401,M,169.389741,78.772511,2500,168.848362,0.0
402,F,1387.242187,513.209544,1000,397.815755,0.391384
403,F,1622.285491,560.050297,12000,989.797392,0.361886
404,M,3598.736575,358.659669,2000,999.029648,0.0
405,F,4985.067558,1042.160181,1700,1248.022656,0.0
406,F,4979.07115,853.759135,2000,1388.549771,0.0
407,M,493.626306,117.531633,12000,465.127134,0.0
408,F,882.678883,1090.026375,1200,352.59823,0.0
409,M,1867.397196,389.361525,9000,850.147894,0.0
410,F,11833.7892,1390.084844,6000,2379.168202,0.0
411,F,4592.084243,283.251127,8000,1059.800775,0.141455
412,F,3319.128229,922.424827,12000,1348.52829,0.0
413,M,854.905417,695.863141,8000,782.867584,0.0
414,F,547.36745,1179.43607,11000,430.514518,0.0
415,M,2465.172577,1004.482286,1500,487.99066,0.160883
416,M,450.070781,713.621167,7500,663.690656,0.0
417,M,977.899872,225.282443,4000,473.16046,0.0
418,F,1093.020065,237.582001,4000,374.148765,0.0
419,M,5082.816826,530.861817,9000,1055.642269,0.0
420,F,880.748776,891.181495,12000,612.130063,0.099499
421,F,134.919098,519.349386,6000,186.180249,0.0
422,M,1908.361278,1576.071658,3000,432.421838,0.099057
423,M,646.052217,698.336566,3000,284.850369,0.0
424,M,1259.371319,376.714855,2300,378.498631,0.0
425,F,1120.988057,699.043755,2300,232.064334,0.0
426,F,947.347907,1100.229257,2500,572.256556,0.0
427,M,2468.353291,1202.786524,1200,931.846073,0.0
428,F,305.033501,4868.500284,1000,899.100488,0.0
429,M,761.040973,491.755477,7500,258.185936,0.0
430,F,2243.144874,840.392634,2500,753.304953,0.142101
431,F,697.37529,1317.526708,10000,600.841845,0.272713
432,F,284.881687,879.11818,5000,0.0,0.0
433,F,2212.104954,572.174302,1000,652.522153,0.0
434,F,3330.191762,222.665032,1500,705.055231,0.238785
435,M,1163.868109,566.937403,1700,955.665748,0.0
436,M,207.522333,341.609349,12000,671.400089,0.034695
437,M,2287.861396,189.815773,1800,643.880483,0.0
438,M,272.081297,438.732129,4000,254.577464,0.114791
439,F,1600.256726,349.889521,10000,545.963517,0.0
440,F,545.270803,1518.393111,12000,239.433567,0.0
441,F,426.727076,1542.226844,1800,0.0,0.0
442,M,814.261025,398.022541,1000,0.0,0.0
443,F,1027.652341,710.375876,1500,303.462471,0.280284
444,M,678.722649,168.608862,1000,0.0,0.268696
445,M,2058.706085,575.416453,1700,333.286622,0.0
446,F,811.218598,1285.73229,4500,317.153964,0.0
447,F,2928.283765,1886.435032,9000,857.106643,0.0
448,F,1560.959303,472.603905,4000,242.254244,0.0
449,M,646.904393,2313.852989,5000,396.226696,0.0
450,F,555.936514,229.494088,1700,599.695776,0.148555
451,M,275.132646,292.111325,7500,485.395114,0.308242
452,F,1574.447758,1700.530736,5000,434.889091,0.0
453,F,880.835781,4040.036905,9000,783.767922,0.0
454,M,143.311993,1399.805797,11000,379.19452,0.0
455,M,748.339397,865.832829,2300,86.862173,0.0
456,M,538.651812,124.5036,1200,0.0,0.0
457,F,5004.585309,145.444948,1800,1202.409754,0.0
458,M,261.778637,1008.751376,2500,106.974225,0.0
459,F,331.220488,650.501496,11000,56.505771,0.0
460,F,3291.085336,331.871663,2300,678.277109,0.160311
461,F,4109.624093,952.394484,7000,1006.022113,0.0
462,M,619.873457,995.871498,4000,0.0,0.0
463,F,686.168181,2100.591565,1700,395.144671,0.0
464,M,2110.35584,1015.302681,2000,785.034627,0.348214
465,F,149.248124,2712.307239,5000,552.648877,0.0
466,F,226.994476,904.330261,6000,811.827416,0.0
467,F,941.373463,809.323331,2500,623.093394,0.0
468,F,4889.774708,2339.940937,1800,1554.685866,0.0
469,M,818.802511,372.189528,7000,1014.568679,0.0
470,M,1327.221731,11305.026264,1700,1837.306333,0.294303
471,M,3362.400207,1258.570372,10000,972.028034,0.0
472,M,8072.320448,1264.897446,1700,1877.990448,0.0
473,M,721.142222,1440.270722,1200,183.828978,0.0
474,M,1193.740518,4863.058441,3000,901.843944,0.177645
475,M,6246.956719,1832.170613,4000,1361.178048,0.604429
476,M,307.975629,211.759166,4000,287.716606,0.207632
477,M,3055.880248,3175.191887,2500,811.854199,0.0
478,F,484.693155,660.629441,15000,526.98927,0.399557
479,F,1329.057243,988.748068,3000,513.748395,0.0
480,M,974.225559,283.914014,3000,227.502422,0.0
481,M,511.72612,1441.705139,2500,0.0,0.0
482,M,500.300173,499.577699,1000,0.0,0.378593
483,F,1554.288133,982.551416,4500,189.611411,0.0
484,M,2969.014609,695.277395,1800,428.612941,0.0
485,M,1078.403965,5077.181286,5000,994.4803,0.0
486,M,1290.908926,5345.627789,1000,946.073653,0.0
487,M,2026.482194,936.230637,13000,970.934314,0.0
488,M,505.497506,951.062652,3000,445.817525,0.0
489,F,2358.363576,641.559115,9000,965.690192,0.09561
490,F,2533.631144,2429.414747,3000,952.182423,0.0
491,F,12622.846545,667.788907,1000,2422.166874,0.0
492,F,863.942511,614.492333,7500,635.336668,0.0
493,F,802.495605,2166.20827,5000,721.747399,0.0
494,M,2421.322807,553.095574,7500,778.675592,0.151681
495,F,2533.086382,867.851371,2500,921.615681,0.0
496,M,748.762289,216.333305,5000,0.0,0.0
497,M,843.157346,1692.177281,8000,422.213802,0.0
498,F,1972.422486,5150.145498,5000,1085.504329,0.45066
499,M,575.462568,1718.320837,2300,638.202482,0.0
500,M,837.582202,3346.32916,6000,1095.96518,0.169601
501,F,1313.740237,419.267054,6000,29.240447,0.0
502,F,2970.081927,1110.640166,11000,1213.18336,0.0
503,F,703.35465,384.197241,2300,0.0,0.0
504,M,230.869816,731.436939,2500,0.0,0.0
505,M,215.953321,1799.007368,7500,327.431056,0.0
506,F,390.148814,984.012452,4000,178.756663,0.0
507,M,371.723037,251.796968,7000,0.0,0.28395
508,F,1054.529861,274.918257,3000,456.027839,0.135206
509,M,415.718298,259.032222,1800,332.493745,0.311481
510,M,643.885256,1397.314321,7000,669.587464,0.0
511,M,603.848116,5753.163072,1500,726.357032,0.139239
512,F,815.289223,3060.12921,1700,561.672374,0.364059
513,M,3984.845812,162.97769,5000,816.722778,0.0
514,M,2198.988653,3225.903498,7000,1327.425238,0.0
515,M,1229.688881,2085.492621,9000,40.068967,0.295129
516,M,800.371782,223.459469,2000,0.0,0.0
517,M,820.644994,683.42611,1200,252.112443,0.0
518,F,1627.779057,2406.599828,11000,660.349478,0.31808
519,M,2050.322068,1473.491686,1500,507.546885,0.0
520,F,535.469667,276.390426,1700,127.782507,0.0
521,F,1252.419651,1555.679863,2000,282.695594,0.0
522,M,194.716059,131.137903,4000,136.90267,0.0
523,M,1466.365847,734.698376,9000,842.681544,0.434653
524,F,2406.513546,2500.287721,7000,796.640354,0.0
525,M,941.936852,912.834683,6000,270.790112,0.0
526,M,6215.952786,573.040391,1700,1197.436366,0.280931
527,F,548.334442,1999.018579,2300,376.973342,0.0
528,F,1473.942959,2158.732739,3000,167.168762,0.188081
529,F,1173.513745,2919.114873,1500,703.164738,0.0
530,M,1107.357803,1972.206381,2000,358.238863,0.0
531,F,1093.468517,2376.151199,2000,832.346246,0.0
532,F,1334.610178,1736.484076,1500,622.62129,0.0
533,M,2599.729991,1140.219178,4000,983.331743,0.089097
534,F,4187.933163,973.169334,6000,821.513493,0.365393
535,M,1209.515058,725.213615,1000,248.772457,0.430684
536,M,2524.465068,301.529705,3000,232.472655,0.0
537,M,644.458061,380.018388,7500,295.602352,0.530505
538,M,2414.77141,696.583009,7000,953.775171,0.0
539,M,610.456861,1115.777716,7500,864.608105,0.34877
540,F,3234.384553,3283.717153,3000,741.701954,0.0
541,F,8862.434584,864.699887,7500,1751.805412,0.10703
542,F,1085.856658,2215.267985,1800,473.737439,0.0
543,F,168.46211,2371.751737,2300,501.584799,0.0
544,F,740.062291,729.017606,1700,0.0,0.500208
545,M,3672.719302,1533.366908,3000,496.843483,0.0
546,M,1993.743105,721.133848,2500,611.566357,0.0
547,M,1516.290604,2951.067666,1800,184.72223,0.165697
548,M,3004.304944,1591.224309,7000,742.522455,0.0
549,F,1874.332913,307.527533,2000,449.80618,0.0
550,M,3626.243956,1038.333379,2000,916.24041,0.0
551,M,2772.435096,3957.235465,1500,964.727049,0.0
552,M,4767.276266,762.720822,2500,901.947047,0.0
553,M,1673.908308,1343.379223,2000,724.510484,0.176209
554,F,2737.316832,1467.463903,2300,812.315639,0.30871
555,M,919.275293,353.201738,1800,77.599606,0.0
556,M,705.343748,1421.740571,7000,429.501467,0.0
557,M,5631.273398,256.094973,10000,1315.152864,0.0
558,M,1472.304602,511.290696,3000,830.267483,0.161766
559,F,2500.866396,2364.095253,5000,1017.928299,0.0
560,M,1354.741599,1237.78734,9000,853.527183,0.0
561,M,714.895168,682.641597,15000,539.57372,0.324633
562,M,1224.006292,1341.86393,5000,379.149355,0.183779
563,F,4413.373385,850.57873,9000,995.131659,0.0
564,F,1997.628622,908.069259,9000,590.148301,0.0
565,F,259.738188,1621.548238,7500,120.582423,0.0
566,F,998.525798,466.55179,3000,604.704265,0.0
567,F,6027.360184,931.040488,1200,1438.487601,0.0
568,M,999.82756,677.872098,1000,202.394147,0.0
569,M,239.743398,215.499149,3000,281.941372,0.0
570,M,6659.129151,392.128589,3000,1353.923469,0.0
571,M,2239.825542,3682.642346,2500,1068.792674,0.0
572,F,1137.955405,1269.338253,4500,99.825782,0.0
573,M,867.594151,272.808621,4000,299.884636,0.429977
574,F,3210.290585,224.456306,8000,730.27743,0.0
575,F,744.129397,811.636427,1200,426.969671,0.346657
576,M,3406.466384,3659.449041,1800,926.688434,0.0
577,F,1974.312977,758.936172,7500,0.0,0.0
578,F,1510.526785,2911.138725,8000,529.706645,0.108056
579,F,1381.552747,1232.423326,15000,643.808297,0.0
580,M,1035.385155,1372.138035,9000,524.496949,0.0
581,M,3105.953735,269.846031,9000,1169.890227,0.0
582,M,556.235325,2087.600563,2000,531.321036,0.0
583,M,281.537988,664.185293,2500,194.511643,0.0
584,M,2106.948794,1952.338587,2000,640.433594,0.0
585,F,2139.044462,431.491157,5000,800.352788,0.0
586,F,1867.24066,1052.943035,10000,489.92887,0.0
587,M,1749.272966,1232.503393,2300,467.948594,0.0
588,M,908.24454,781.621037,4000,54.964012,0.0
589,M,2462.012623,1292.186048,2000,987.95111,0.0
590,M,1163.278611,706.44308,1700,422.038054,0.0
591,F,781.799095,500.619445,1700,53.667346,0.0
592,M,915.342049,3808.288081,1000,610.642386,0.0
593,M,7469.443138,2307.817565,11000,1941.350563,0.0
594,F,254.301743,452.696412,2500,81.168155,0.0
595,M,1900.380283,1497.5712,8000,528.159339,0.0
596,M,267.414694,460.166799,6000,44.786239,0.0
597,F,1099.477115,309.136776,1700,377.676086,0.368409
598,F,820.353433,2276.577499,1700,377.328317,0.212274
599,F,185.577862,193.699955,7500,74.458576,0.0
600,F,1720.093332,2067.654852,2000,258.719943,0.0
601,M,860.889144,715.191199,10000,435.193134,0.0
602,F,183.224887,742.192065,1500,140.783563,0.559939
603,F,2580.171843,1298.254693,6000,697.69573,0.195875
604,F,4409.451394,1514.860949,7500,1156.427234,0.0
605,F,4633.704374,426.789595,1800,1103.782105,0.0
606,F,1674.149906,1712.917006,2000,717.288392,0.0
607,F,1263.261724,994.294544,12000,865.053743,0.315128
608,M,4005.168611,289.904247,2000,751.84829,0.236633
609,F,5509.037623,770.556487,2500,986.093967,0.0
610,M,3361.732794,3112.405298,2500,761.371628,0.0
611,F,519.369802,4059.988087,1800,463.896008,0.0
612,F,1452.745318,1712.335679,7000,594.386962,0.0
613,F,1800.040655,307.566357,7000,325.902702,0.123997
614,F,237.779727,1396.251203,2300,274.61478,0.0
615,M,1849.045046,1930.964337,8000,463.179659,0.0
616,F,9373.976236,1725.267146,1700,1508.849808,0.0
617,F,2155.854728,1819.758101,1000,828.776353,0.0
618,M,4564.534304,1245.057225,4500,976.49694,0.22384
619,M,1428.847218,841.199538,15000,411.378031,0.0
620,M,1134.677228,519.29351,1000,25.278484,0.326292
621,F,1708.112521,162.691868,1700,462.492272,0.0
622,M,581.58435,1218.867698,4000,664.676235,0.0
623,F,509.078552,1061.509849,7500,249.496856,0.0
624,M,3788.305504,1482.993944,1200,826.96342,0.0
625,F,4167.652091,269.403613,2500,1094.16377,0.0
626,M,496.708987,1604.415862,7000,0.0,0.0
627,F,2896.327761,5704.956202,2300,1737.900902,0.0
628,M,1120.730543,963.531439,1700,958.130346,0.0
629,F,1645.546319,849.375363,1700,0.0,0.0
630,F,1833.893856,1185.716036,2500,491.761011,0.0
631,F,2965.83954,5592.061727,3000,1104.946973,0.202113
632,F,1305.637076,357.350472,8000,401.479633,0.138266
633,M,4311.951202,1078.025321,5000,888.417988,0.0
634,M,1601.140642,437.16396,6000,738.041998,0.331249
635,M,2125.507434,548.778968,13000,738.177528,0.154488
636,M,572.529159,858.656298,2500,59.359053,0.331039
637,F,8457.366448,3018.728265,2500,1885.277062,0.0
638,F,1849.817808,4540.950093,10000,1181.577276,0.0
639,F,2302.377774,1343.895722,1800,311.265154,0.0
640,F,285.040926,639.741859,7000,0.0,0.306278
641,F,577.996712,8463.050611,7000,1819.914971,0.252774
642,F,3692.634058,611.063552,1200,598.395087,0.0
643,M,1569.01295,536.989036,3000,365.022769,0.0
644,M,216.501665,181.735305,1700,20.578058,0.3856
645,F,3085.475126,3154.175509,1700,1139.72014,0.51061
646,F,742.925281,2146.129,3000,886.959511,0.0
647,M,4316.435769,7911.122681,2000,1906.276621,0.0
648,M,1119.847606,257.090711,7500,0.0,0.0
649,F,1457.147472,3335.419464,9000,474.006024,0.0
650,M,3501.893568,956.348098,7500,776.61142,0.0
651,M,540.371208,1854.722179,2000,314.627255,0.298356
652,F,495.93153,203.771766,2000,0.0,0.165176
653,F,1015.515274,3365.304204,1800,822.964484,0.0
654,M,2551.548018,1822.318875,1500,432.626769,0.0
655,F,365.845266,866.949708,11000,735.711503,0.0
656,M,270.09368,1604.554487,2500,740.07155,0.0
657,F,2543.633461,450.813726,1800,481.388287,0.0
658,M,704.381082,532.990672,8000,440.490635,0.0
659,F,851.497521,591.640891,2500,0.0,0.0
660,M,227.891728,169.447802,1000,234.773329,0.0
661,M,657.811632,1949.996087,1500,254.107518,0.0
662,F,1203.740936,2623.945166,5000,440.665419,0.415233
663,M,2799.903054,477.607977,7500,620.21176,0.0
664,M,605.402091,1228.295499,1700,169.680834,0.0
665,M,5386.432162,706.987915,10000,1307.963817,0.355239
666,F,654.518322,1206.461008,8000,640.008594,0.0
667,F,655.381415,510.392727,8000,122.888884,0.0
668,F,4834.929355,405.417483,1800,1384.193132,0.0
669,M,1466.03116,2314.31123,1000,227.838048,0.0
670,M,737.434849,847.691247,9000,795.818791,0.0
671,M,1054.034206,5540.82151,2000,635.497083,0.0
672,F,4096.000217,936.05943,5000,936.853863,0.0
673,F,4535.009864,390.149408,7000,863.070676,0.0
674,F,581.078662,2708.761474,1500,369.963368,0.0
675,F,1166.55422,1584.018335,7500,731.651269,0.0
676,M,1314.407332,1727.076852,10000,993.799241,0.0
677,F,498.889137,2621.601346,7000,824.523382,0.0
678,M,1152.724388,498.938746,2500,245.398309,0.31555
679,M,1217.787022,800.688532,9000,518.848093,0.0
680,M,3381.885019,769.464756,4000,575.555606,0.0
681,M,3592.783486,280.992539,7000,555.032554,0.0
682,M,901.185881,708.229975,7500,91.875829,0.0
683,M,999.686941,2989.141532,7000,571.57116,0.062933
684,M,2203.633949,1111.65402,2000,627.454001,0.0
685,F,715.749608,267.346296,1500,0.0,0.0
686,M,2058.589125,221.349861,1800,446.172815,0.359916
687,M,1119.776243,4017.031407,3000,1144.623106,0.218617
688,F,506.508588,827.751419,4000,540.979483,0.0
689,F,512.267505,501.363213,4500,84.825717,0.0
690,M,4457.542243,701.63085,2500,581.085078,0.0
691,M,1052.812748,237.560665,7500,464.221151,0.0
692,F,5304.541845,3231.771231,10000,938.273017,0.0
693,M,763.358186,630.335588,1800,522.083273,0.0
694,M,1575.116759,3073.773918,7000,731.464565,0.031706
695,F,10440.095937,940.570441,6000,2554.910802,0.0
696,M,467.945544,3250.547677,4000,112.554548,0.0
697,F,219.634972,1131.189541,1700,434.563596,0.0
698,F,3858.103877,1935.090543,7500,1032.792354,0.0
699,F,575.864163,1715.02638,11000,419.196082,0.0
700,M,1189.590337,1573.349334,7000,187.650481,0.014867
701,M,715.279668,1227.998675,10000,600.047158,0.0
702,M,1542.788084,728.097054,13000,761.607848,0.0
703,M,515.180546,5033.602565,2300,1183.296757,0.0
704,F,1030.762317,396.928718,5000,572.681229,0.0
705,M,1816.803276,901.334892,3000,339.210944,0.0
706,F,489.078008,909.956947,13000,265.63733,0.15705
707,F,645.434913,1289.740969,1200,0.0,0.0
708,F,886.565891,610.009554,2500,644.839093,0.0
709,M,334.978419,1191.86153,9000,179.635416,0.032986
710,M,828.564856,771.272442,2000,646.751834,0.0
711,F,1348.72757,216.208395,7500,621.082777,0.266219
712,F,845.904063,905.599412,2300,383.660381,0.0
713,F,949.334446,333.449424,12000,344.177053,0.0
714,F,1190.452179,188.491481,9000,582.788189,0.057332
715,F,671.71281,1015.550378,2000,273.906661,0.0
716,M,2257.37138,1392.832897,7000,603.663473,0.0
717,F,4413.310258,1442.348891,2000,1176.47891,0.0
718,M,797.959343,1495.85561,5000,374.642328,0.0
719,F,1875.589724,157.696119,5000,244.44599,0.0
720,F,976.861186,263.771913,8000,497.444337,0.0
721,M,1684.019224,5303.749452,1000,950.171214,0.202094
722,M,4960.201174,349.852668,1800,1088.546034,0.0
723,M,1915.614214,1555.818306,6000,523.043791,0.0
724,F,245.654706,483.840903,4500,0.0,0.0
725,M,1823.651463,964.592242,3000,930.276823,0.0
726,M,3675.988551,507.791646,1000,1126.765789,0.0
727,M,992.833967,1488.295879,2300,618.50186,0.0
728,M,2969.269748,1015.45971,9000,716.871049,0.0
729,M,651.251576,599.765775,1000,131.617683,0.0
730,M,318.3065,348.920845,2500,488.497533,0.0
731,M,1376.159761,1142.525884,11000,488.854354,0.0
732,M,249.428163,301.434601,1000,0.0,0.0
733,M,976.725928,1319.1369,7000,977.12913,0.16655
734,M,3858.97945,9545.607864,1800,1870.608594,0.135047
735,M,217.285767,3026.472552,9000,1001.894476,0.0
736,F,383.160087,1713.876595,7000,101.551565,0.171478
737,M,478.74638,831.268986,9000,541.996561,0.170429
738,M,1144.830793,156.823761,1800,774.159044,0.0
739,M,872.057091,273.128463,4000,339.899745,0.40398
740,M,4269.375077,2848.402445,7500,1175.544684,0.0
741,M,2860.962816,441.077028,1800,307.464571,0.0
742,M,1892.673486,478.508087,1800,700.187962,0.0
743,F,1381.696378,773.491416,1000,166.492297,0.0
744,M,1726.595448,345.211878,11000,521.010466,0.0
745,M,557.920166,297.646976,6000,83.624479,0.559655
746,M,2621.466881,857.973604,5000,1051.544521,0.0
747,M,445.483483,402.47118,7000,539.704896,0.0
748,M,2570.4578,460.854916,4000,580.088807,0.0
749,F,3524.621212,444.490231,3000,451.733412,0.0
750,F,1465.245585,1436.728873,3000,932.393188,0.442702
751,M,1034.225635,728.572309,5000,290.209443,0.091569
752,M,1737.632646,764.548321,1700,157.968465,0.0
753,M,92.262103,1536.482985,9000,0.0,0.0
754,M,1590.863766,790.103818,7500,350.926653,0.0
755,F,1094.42173,698.944688,2300,0.0,0.0
756,M,1157.982677,1371.150325,4500,371.88365,0.374637
757,M,2289.020468,1638.240468,1500,850.254357,0.43392
758,F,1133.094847,786.532348,12000,414.490913,0.0
759,M,434.334002,965.40432,9000,440.451984,0.0
760,M,1067.140154,444.250589,10000,239.561634,0.0
761,F,1287.940791,413.801033,2000,332.777733,0.0
762,M,1344.04704,1794.053299,1700,967.190069,0.0
763,M,1402.101457,1340.030771,1700,355.810435,0.0
764,M,3088.473208,1352.579237,1200,835.342045,0.0
765,F,456.0347,1156.055333,1500,0.0,0.050129
766,M,1419.599985,935.969554,1000,765.370874,0.0
767,M,3869.717279,1680.372379,13000,1006.392138,0.0
768,M,254.3852,2083.069664,1000,575.891108,0.0
769,M,1424.650804,2038.776607,1500,496.545264,0.0
770,F,715.627191,819.996339,8000,520.107296,0.0
771,M,868.146652,3128.451576,4500,778.183693,0.0
772,F,536.825585,1102.807647,7000,287.427044,0.155783
773,F,1040.445594,1586.266742,5000,738.108825,0.0
774,F,6355.844441,1157.339484,9000,1250.686521,0.0
775,M,388.391043,1121.369558,5000,566.642367,0.356374
776,F,422.99104,463.044522,4000,104.152406,0.0
777,F,375.500156,1687.858348,6000,462.522517,0.0
778,M,5736.912531,11623.27643,3000,2364.439177,0.0
779,F,799.426236,640.778878,2300,273.534181,0.0
780,F,1184.320943,957.087907,3000,130.454953,0.137778
781,M,843.445555,600.892027,1700,348.840607,0.434956
782,F,518.022879,578.698773,7500,304.98493,0.0
783,M,980.795932,3604.738577,1800,505.573509,0.0
784,F,11074.70818,489.961141,1500,2064.735818,0.0
785,F,4242.31262,586.004562,1800,924.197969,0.311852
786,M,562.480217,215.133004,8000,112.973136,0.0
787,F,2170.725436,454.023722,2000,477.156901,0.323701
788,M,573.426349,192.951738,6000,0.0,0.0
789,F,245.002674,1585.451065,8000,960.787869,0.0
790,F,3033.765378,11155.941441,1200,2170.570406,0.0
791,M,3442.948695,645.476682,7000,887.961493,0.0
792,M,3107.106002,200.320355,2000,952.080534,0.452609
793,M,794.030025,2018.277488,1800,0.0,0.0
794,M,1043.047337,466.73775,6000,0.0,0.0
795,M,2379.841097,2891.157551,9000,832.987538,0.0
796,M,1723.903428,696.573877,2000,84.250446,0.0
797,M,850.416539,508.44949,4500,233.687535,0.0
798,M,282.2619,764.971211,2000,229.017847,0.0
799,F,1342.76698,1775.787179,4000,754.896143,0.0
800,F,3200.648343,731.664029,5000,466.850389,0.0
801,F,412.472914,574.182774,5000,421.546269,0.404407
802,M,2153.572658,750.734122,5000,568.828596,0.0
803,F,1633.348573,285.81088,1500,447.466741,0.089472
804,F,2380.660947,1283.477464,6000,598.309394,0.1508
805,M,2656.535076,179.818151,6000,950.538277,0.0
806,M,648.707085,602.020014,6000,268.132515,0.0
807,F,282.79904,1778.359676,1000,737.49431,0.269817
808,M,749.819437,1179.379173,3000,131.395836,0.0
809,M,2697.861189,1527.348517,2500,898.353671,0.0
810,F,744.115665,846.79522,1200,241.639126,0.0
811,M,648.953463,2572.855274,1800,375.118652,0.0
812,M,235.281976,2063.645333,2500,491.817031,0.0
813,F,5868.666994,1341.477509,7000,1310.372303,0.143899
814,F,2548.199416,2068.939011,1800,72.957242,0.0
815,M,2423.350542,1764.074023,8000,134.681412,0.312518
816,F,2895.615132,604.549068,4000,981.862152,0.0
817,F,2036.601009,267.867105,7000,828.796849,0.0
818,M,972.727548,1310.712175,3000,856.711656,0.0
819,F,1045.878317,1467.741799,3000,412.505051,0.0
820,M,824.842181,2395.685744,5000,200.295181,0.0
821,M,12981.319987,386.569184,10000,2453.129939,0.0
822,F,1998.837075,397.109494,3000,462.799942,0.0
823,M,798.375951,1358.192757,4000,124.931246,0.0
824,F,1842.626165,842.142896,5000,932.373538,0.0
825,F,487.952456,164.484206,7000,789.945267,0.0
826,M,4694.073557,1258.401253,1000,1133.011566,0.0
827,F,668.500947,169.494313,4000,207.953551,0.0
828,M,1902.600454,383.472957,3000,117.243092,0.0
829,F,3163.327841,3030.591929,10000,1494.678517,0.0
830,M,1713.49717,4639.635639,3000,936.76247,0.0
831,F,1319.519577,300.638717,3000,253.79907,0.0
832,F,1223.807129,667.505491,12000,630.679464,0.0
833,M,1151.940295,932.958081,3000,225.376341,0.0
834,F,721.239572,4460.892936,1700,731.599069,0.0
835,F,808.729836,576.178753,1800,0.0,0.0
836,F,4589.981793,584.527822,1200,1205.970019,0.312188
837,F,1099.177037,3618.638042,1000,627.701348,0.093682
838,F,597.517372,640.782293,2500,517.897217,0.0
839,M,761.531976,1719.831394,7000,415.671479,0.0
840,M,3262.775892,237.5959,7000,704.261241,0.0
841,M,2226.187967,769.615108,1000,220.336182,0.285509
842,F,2006.799133,201.615586,4500,654.106957,0.0
843,M,961.24654,347.272438,1500,21.987081,0.0
844,M,2030.477413,1910.807525,10000,648.177244,0.0
845,M,679.118061,858.412839,1700,255.262588,0.0
846,F,959.437689,673.713424,5000,371.350441,0.0
847,M,2901.038452,457.659445,2000,185.58182,0.0
848,F,2662.04502,736.132062,5000,597.302485,0.0
849,M,500.83722,1177.326949,2500,473.987488,0.0
850,F,561.171292,2174.653425,7000,428.925282,0.123938
851,M,1336.529941,84.552106,1800,239.505478,0.166256
852,M,5730.276923,424.713551,9000,1280.516985,0.0
853,F,216.154051,1036.066508,3000,184.245602,0.0
854,F,1556.974269,821.410673,7000,243.695774,0.0
855,M,351.272052,1290.827311,8000,448.709876,0.276856
856,M,684.783073,1142.285384,15000,1026.656792,0.378227
857,F,873.068854,682.401997,1800,7.746647,0.0
858,F,830.096941,558.82263,2000,167.369114,0.105705
859,M,749.632926,719.854177,1800,0.0,0.0
860,M,1219.853873,2524.676248,2000,792.880335,0.0
861,F,748.648806,464.607452,4500,246.170128,0.0
862,F,324.988031,848.503279,15000,210.268331,0.0
863,F,2445.201108,1058.923381,13000,817.773405,0.0
864,F,2386.504329,3656.698013,4000,637.474487,0.0
865,M,2588.559647,685.208086,5000,465.80768,0.393404
866,F,302.880686,2127.974762,8000,84.842113,0.0
867,F,1586.088716,2721.072717,10000,657.684846,0.305233
868,F,2226.933866,847.779994,1700,893.339834,0.283317
869,M,479.104213,742.745101,4000,62.088588,0.0
870,M,1222.0144,667.708496,8000,625.785162,0.192059
871,F,1091.556588,713.19807,2000,107.988599,0.0
872,M,6360.966389,1936.845455,2500,1611.028841,0.0
873,F,6850.291145,1105.340797,13000,1336.672801,0.0
874,M,270.989275,1109.606513,13000,419.237833,0.0
875,F,11436.14583,326.130902,9000,2383.201385,0.283572
876,F,531.81562,375.87586,7500,854.033249,0.0
877,M,2929.555444,6180.1767,2000,1461.547506,0.0
878,M,2902.849683,765.061978,2000,501.094377,0.0
879,F,494.664026,447.065539,4000,383.94963,0.0
880,F,1889.260978,3255.135718,4000,1356.705888,0.119328
881,M,1100.169602,1157.048556,4000,0.0,0.0
882,F,1995.993108,1510.716658,5000,459.500275,0.186916
883,F,1491.600632,792.947989,2500,348.167483,0.0
884,M,3557.116547,673.975809,7000,865.417703,0.400101
885,M,1297.065376,770.756319,2000,277.773351,0.0
886,M,1042.016792,258.665481,2000,0.0,0.0
887,M,3250.154491,829.535024,1500,1061.811025,0.0
888,M,2043.371397,1171.956401,1700,182.53947,0.0
889,M,2341.699097,4747.706368,8000,1187.864095,0.296352
890,F,666.387941,970.1,2500,541.569477,0.0
891,M,473.079522,109.863717,1800,122.291746,0.0
892,F,727.089858,825.024523,7000,205.92858,0.312375
893,M,693.159931,10567.660494,4000,1125.719133,0.0
894,M,2459.170414,1958.099446,1000,637.622809,0.0
895,F,2917.217836,432.767205,2000,487.673024,0.721102
896,F,1054.036902,1528.429265,1700,454.195927,0.0
897,M,4393.261273,460.44247,5000,622.78352,0.176027
898,M,4153.150386,265.488953,2000,1017.684678,0.0
899,M,1508.783574,656.201281,1000,411.293232,0.324015
900,M,578.418356,974.937918,1000,286.066953,0.0
901,M,5003.230008,166.510779,4500,1359.58189,0.0
902,M,1147.205638,319.180457,1000,152.849795,0.0
903,M,1357.701773,906.238038,8000,344.806427,0.092016
904,M,892.793648,621.815946,1500,124.629863,0.0
905,F,544.130282,1280.915255,5000,395.33001,0.463593
906,F,323.18487,300.906175,2500,115.290794,0.0
907,M,2142.184734,1707.357912,2500,426.551767,0.0
908,M,598.806826,309.394392,1000,0.0,0.227164
909,M,19026.311312,3938.12843,7500,3888.329198,0.0
910,M,456.018681,191.678127,9000,352.541154,0.0
911,F,390.862475,335.862267,1000,173.941352,0.260401
912,F,1918.166084,1307.188233,1700,831.771101,0.0
913,F,4800.052484,4015.06946,9000,1992.189418,0.0
914,F,1284.507546,1192.179868,4000,634.106385,0.0
915,F,2028.431632,1490.060688,1500,915.805137,0.0
916,F,230.6283,912.130627,1700,372.412342,0.0
917,M,658.68117,356.466901,5000,676.313453,0.0
918,M,461.160364,577.596476,7000,737.533851,0.0
919,M,220.182938,301.654177,4500,392.372723,0.0
920,F,1346.524639,284.053054,11000,645.555838,0.0
921,M,161.008175,1288.938161,3000,184.846008,0.0
922,F,368.714868,326.731854,2000,130.242179,0.0
923,F,747.343998,1197.029806,3000,246.206164,0.0
924,M,573.548641,278.205354,2300,332.186301,0.0
925,M,1731.542055,1172.325566,1800,307.529348,0.046416
926,M,1595.627209,578.35374,1000,326.338794,0.0
927,M,2709.227645,3184.192426,2300,321.221596,0.0
928,F,2385.455474,1201.525173,6000,1109.33748,0.0
929,F,3383.721812,2730.403293,1000,899.099676,0.0
930,F,1209.876346,454.827377,2500,453.18133,0.206037
931,M,1592.595271,944.380358,5000,875.130533,0.103071
932,M,1920.54126,371.304157,5000,683.899979,0.582545
933,M,1376.763905,618.783393,7000,805.657436,0.0
934,F,847.698577,709.177749,7500,58.502621,0.0
935,F,898.567402,467.186064,6000,922.148607,0.0
936,M,580.678613,300.680256,1200,433.381331,0.0
937,F,1771.275428,251.598461,3000,453.822016,0.0
938,M,1113.636809,109.314243,5000,657.342168,0.0
939,F,667.235879,346.987301,1800,0.0,0.0
940,M,667.793946,1579.311872,1000,264.629735,0.212514
941,M,407.74466,213.0126,1800,491.51815,0.0
942,F,2924.729296,262.090388,3000,143.637075,0.0
943,M,1300.82753,4499.892174,2500,972.815723,0.131691
944,M,557.509745,506.312241,1700,340.230975,0.213434
945,M,2509.134055,1198.63826,7500,1219.037175,0.0
946,M,731.865,1600.522523,10000,103.059548,0.0
947,F,341.77391,1629.899307,1700,689.264985,0.0
948,F,3038.441688,228.130354,10000,609.42746,0.0
949,F,747.409113,729.271644,1000,127.793873,0.0
950,M,838.815535,209.263758,10000,45.59735,0.0
951,M,1257.727774,8116.757843,11000,1120.938931,0.0
952,M,3389.136,213.708356,1000,754.070069,0.0
953,M,1234.021419,349.653898,7000,108.499345,0.0
954,M,411.90576,351.939481,12000,589.252213,0.144084
955,F,1977.303454,233.458789,9000,375.688165,0.0
956,F,783.294896,3033.081926,12000,411.704461,0.0
957,F,6628.48516,7944.245515,4000,2084.484504,0.0
958,M,1210.74633,585.125171,1200,394.108178,0.014482
959,M,162.14128,273.586863,8000,132.677538,0.0
960,M,1671.753701,119.913069,5000,522.290206,0.493033
961,M,6975.351593,720.757076,5000,1603.606001,0.0
962,M,5005.678564,675.377044,2500,1296.42275,0.0
963,M,6297.190496,499.612844,4500,1194.674003,0.0
964,M,484.063373,1095.797545,1500,0.0,0.0
965,F,2754.351094,1281.332497,7000,902.316927,0.353175
966,M,632.831956,1200.838008,1000,393.17271,0.0
967,F,1483.056529,675.523277,7000,105.331642,0.0
968,M,385.423533,333.132515,8000,26.700063,0.0
969,F,678.571472,1634.757555,3000,191.017048,0.0
970,M,659.431416,908.016349,4000,245.704069,0.0
971,M,2720.850385,1997.240531,2000,574.163457,0.0
972,M,2491.51742,1828.164971,12000,1185.532347,0.242443
973,M,1554.855286,249.738442,7000,93.525548,0.198306
974,F,359.466405,246.953489,2300,0.0,0.114742
975,M,915.549571,454.870768,1700,165.661212,0.0
976,F,619.241391,347.012615,1800,140.691763,0.0
977,M,2651.042349,1771.756309,3000,378.637412,0.0
978,M,3499.468461,1231.734612,11000,818.525266,0.0
979,M,3136.136877,2414.543677,7000,876.488925,0.0
980,M,614.188892,1282.848321,1800,197.671312,0.0
981,F,102.968199,1083.318857,8000,326.502909,0.0
982,F,247.085466,2643.229654,2300,236.518221,0.0
983,F,4356.674345,1370.258388,8000,1472.444148,0.039869
984,M,844.60626,954.598532,1800,420.132111,0.0
985,M,616.678516,3402.983176,5000,405.081734,0.0
986,F,5315.563278,995.915879,10000,1274.939169,0.0
987,M,3784.404988,682.725896,1800,825.623835,0.0
988,M,1238.930578,422.402676,6000,705.094484,0.084142
989,M,930.700211,1690.404136,13000,447.778927,0.0
990,F,1076.111014,2733.520144,1500,766.012409,0.388227
991,F,1486.896764,857.886099,1200,419.753665,0.32782
992,F,5115.56204,2913.539842,6000,1748.317577,0.0
993,F,1772.63192,152.472838,2000,695.093349,0.0
994,M,2329.540064,854.137308,1000,588.558515,0.0
995,F,3471.503617,866.025695,3000,715.723079,0.0
996,M,422.965916,466.708593,7000,381.290373,0.0
997,F,2390.781797,7673.091938,2000,1357.48839,0.183213
998,M,929.724328,845.921555,2000,723.937742,0.0
999,F,125.903322,622.06358,8000,321.659788,0.179811
1000,M,178.510498,919.073321,4000,111.01003,0.0
